gene_id,POC-201-TP1,POC-201-TP2,POC-219-TP1,POC-219-TP2,POC-219-TP3,POC-219-TP4,POC-222-TP1,POC-222-TP3,POC-222-TP4,POC-255-TP1,POC-255-TP2,POC-255-TP3,POC-259-TP1,POC-259-TP2,POC-40-TP1,POC-40-TP2,POC-40-TP3,POC-40-TP4,POC-42-TP2,POC-42-TP4,POC-52-TP1,POC-52-TP2,POC-52-TP3,POC-52-TP4,POC-53-TP1,POC-53-TP2,POC-53-TP3,POC-53-TP4,POC-57-TP1,POC-57-TP2,POC-57-TP3,POC-57-TP4
gene-Pocillopora_meandrina_HIv1___RNAseq.g21145.t1,153,236,194,109,51,117,422,303,51,229,136,83,174,387,132,192,148,315,446,61,52,221,262,266,154,204,206,297,245,86,258,448
gene-Pocillopora_meandrina_HIv1___RNAseq.g21409.t1,48,150,112,75,8,8,276,287,40,38,59,23,141,249,6,22,60,18,66,5,0,33,71,169,102,44,127,31,36,10,175,80
gene-Pocillopora_meandrina_HIv1___RNAseq.g21591.t1,26,100,113,36,17,540,88,196,75,18,56,97,123,121,9,24,74,24,87,53,21,26,68,113,63,43,93,241,67,56,115,323
gene-Pocillopora_meandrina_HIv1___RNAseq.g21636.t1,27,27,26,18,7,81,7,165,21,3,21,22,0,0,7,12,139,53,23,56,44,26,53,29,22,10,68,26,34,29,85,271
gene-Pocillopora_meandrina_HIv1___RNAseq.g21959.t1,295,292,154,109,66,128,281,541,194,117,269,258,264,361,64,97,204,67,107,74,57,174,323,472,280,168,334,157,288,157,458,227
gene-Pocillopora_meandrina_HIv1___RNAseq.g22028.t1,2149,1809,2945,1591,350,1837,1961,5434,2492,1146,1896,1343,1428,2238,1063,1260,2373,1389,1317,1037,111,1377,2254,3609,1459,1102,2890,1922,2399,726,2998,2350
gene-Pocillopora_meandrina_HIv1___TS.g27041.t2,305,397,336,136,42,119,735,528,152,335,145,116,257,418,140,182,286,232,323,66,0,309,258,409,203,186,293,256,413,62,349,191
gene-Pocillopora_meandrina_HIv1___RNAseq.g22216.t1,894,1159,860,497,169,326,966,1379,424,463,546,512,450,1114,402,509,971,448,738,179,57,683,709,1283,694,639,1468,542,960,233,1079,534
gene-Pocillopora_meandrina_HIv1___RNAseq.g22443.t1,20,81,126,60,47,113,165,143,28,73,69,116,69,61,29,23,33,11,52,36,57,31,57,43,40,21,77,105,21,29,85,114
gene-Pocillopora_meandrina_HIv1___RNAseq.g22596.t1,2122,1818,2496,1309,475,2064,1409,3318,1759,993,1497,2370,1238,1874,1003,1083,2077,1155,1495,1791,256,1724,1992,2089,1324,956,2122,2227,1819,902,2381,2721
gene-Pocillopora_meandrina_HIv1___RNAseq.g22614.t1,1031,295,585,255,103,553,1296,705,443,710,259,204,419,347,610,729,456,868,755,368,105,505,314,469,321,525,357,895,666,352,497,1430
gene-Pocillopora_meandrina_HIv1___RNAseq.g22784.t1,3585,2906,3113,1794,1139,1869,3092,5263,2054,1478,2117,2644,1487,4188,1917,2468,3934,2809,2834,2338,539,3994,2920,3709,1837,2285,3613,4011,3430,1010,3558,3209
gene-Pocillopora_meandrina_HIv1___RNAseq.g18815.t1,338,483,437,292,73,112,1234,1388,266,695,255,53,409,571,276,381,511,598,399,42,0,485,949,1155,449,304,582,144,409,70,685,303
gene-Pocillopora_meandrina_HIv1___RNAseq.g19429.t1,629,681,900,698,324,582,726,977,586,721,610,754,612,471,451,513,490,511,862,615,338,575,816,540,534,424,727,879,565,606,566,894
gene-Pocillopora_meandrina_HIv1___RNAseq.g19898.t1,22,68,31,38,0,10,11,25,14,5,8,0,20,18,3,0,9,0,0,4,0,8,0,37,10,0,16,0,6,0,28,18
gene-Pocillopora_meandrina_HIv1___RNAseq.g6855.t1,627,488,781,346,197,413,1053,781,367,640,414,318,585,584,334,474,479,606,700,346,37,484,511,692,397,331,651,560,624,234,727,664
gene-Pocillopora_meandrina_HIv1___RNAseq.g7739.t1,157,142,164,91,45,78,150,203,155,42,137,67,198,191,50,52,156,57,85,16,0,49,138,184,134,73,227,39,173,74,235,104
gene-Pocillopora_meandrina_HIv1___RNAseq.g7887.t1,2903,2251,2138,1616,823,1131,3404,4019,1409,3134,2021,1005,1592,2008,1450,1796,2077,2110,2602,685,479,1847,2219,2388,1433,1435,2095,1739,2519,1135,2478,2236
gene-Pocillopora_meandrina_HIv1___RNAseq.g15071.t1,1100,950,776,910,379,582,646,2230,891,510,787,552,605,907,599,620,1082,494,614,141,237,887,1206,1474,1151,891,1253,770,1082,554,1787,946
gene-Pocillopora_meandrina_HIv1___RNAseq.g15073.t1,5079,2313,12295,3881,1530,3702,398,18095,5108,625,5683,10497,3953,5718,1558,2495,9240,1402,1287,1285,338,2361,7772,15059,9370,4492,17720,2836,4290,1891,21295,4511
gene-Pocillopora_meandrina_HIv1___RNAseq.g15152.t1,2576,2286,3409,1473,624,1615,1341,6490,2411,209,1597,2200,2058,3788,598,822,2189,493,1008,351,453,1404,3118,4359,1516,1124,2059,1172,2124,590,3655,1134
gene-Pocillopora_meandrina_HIv1___RNAseq.g15251.t1,489,402,274,331,94,102,236,660,204,206,269,166,249,521,157,168,454,188,258,35,32,255,371,537,276,232,422,135,359,143,585,206
gene-Pocillopora_meandrina_HIv1___RNAseq.g15357.t1,90,137,125,76,0,38,204,290,78,256,106,67,186,148,30,48,51,58,32,10,0,52,44,76,64,76,51,68,120,71,178,130
gene-Pocillopora_meandrina_HIv1___RNAseq.g15386.t1,5150,3483,2069,2177,578,3398,743,12956,2192,0,95,4056,210,2734,21,180,6954,82,232,304,592,405,593,6394,1809,109,28330,885,7748,1887,24853,1887
gene-Pocillopora_meandrina_HIv1___RNAseq.g15636.t1,1825,1574,1332,1443,718,683,2000,3899,644,2670,1772,342,1449,2084,1360,2654,1491,1691,2253,72,247,2793,3637,3187,2113,2550,2244,1140,1636,380,1939,1139
gene-Pocillopora_meandrina_HIv1___RNAseq.g15914.t1,593,411,482,377,162,672,750,697,732,537,584,406,259,635,713,986,614,849,1287,588,97,1257,453,519,522,890,613,684,755,760,687,1558
gene-Pocillopora_meandrina_HIv1___RNAseq.g24472.t1,18671,47217,24616,25783,12481,17516,32862,41687,21650,28063,36489,25309,22467,38578,26397,33882,23071,35637,44076,45076,8627,49374,51285,26905,26897,24362,32644,30184,29912,18086,28046,27983
gene-Pocillopora_meandrina_HIv1___RNAseq.g24666.t1,179,245,93,50,16,20,175,147,42,157,58,56,103,77,47,46,73,61,105,20,0,112,104,210,191,129,218,77,203,130,186,219
gene-Pocillopora_meandrina_HIv1___RNAseq.g25070.t1,1437,1925,2871,1663,329,1031,299,2320,697,362,939,1048,801,1198,568,695,776,473,684,286,175,1153,2214,1616,598,736,821,666,932,468,1324,389
gene-Pocillopora_meandrina_HIv1___RNAseq.g22881.t1,1894,3561,2596,2053,1108,1740,2013,3770,1468,2438,2581,2439,2218,2493,1515,1835,1499,1998,2618,2532,452,2549,3246,3028,1739,1565,2070,2089,1388,1452,1950,2331
gene-Pocillopora_meandrina_HIv1___RNAseq.g22968.t1,2488,1816,1501,1200,713,981,1932,4053,1323,2004,1411,785,1295,2358,1463,2174,2529,2331,1904,393,369,1951,2204,3036,1980,1716,2757,1847,2001,621,2670,2790
gene-Pocillopora_meandrina_HIv1___RNAseq.9341_t,542,947,813,565,152,205,1288,1154,483,556,548,296,715,1135,286,466,629,499,717,250,136,536,556,911,389,502,505,282,394,206,646,321
gene-Pocillopora_meandrina_HIv1___RNAseq.g27065.t1,30,69,62,14,11,11,71,51,16,17,17,9,30,37,25,29,10,17,27,11,0,33,16,51,30,22,48,21,50,23,36,41
gene-Pocillopora_meandrina_HIv1___RNAseq.g27785.t1,159,441,335,139,56,234,212,533,141,92,170,251,251,467,52,58,271,117,117,45,28,154,325,310,204,128,273,218,118,70,249,544
gene-Pocillopora_meandrina_HIv1___RNAseq.g27944.t1,607,668,1161,517,142,712,647,2230,494,454,502,331,691,983,192,306,643,291,220,226,41,417,879,1470,795,578,980,838,388,205,804,773
gene-Pocillopora_meandrina_HIv1___RNAseq.g5324.t1,106,299,158,73,70,56,298,402,29,150,56,25,128,189,45,39,113,100,104,24,0,34,133,254,111,116,329,75,88,27,235,109
gene-Pocillopora_meandrina_HIv1___TS.g24505.t2,552,571,691,983,185,990,678,765,176,470,394,320,395,469,268,284,443,262,458,193,26,405,449,664,508,443,573,230,291,309,400,398
gene-Pocillopora_meandrina_HIv1___RNAseq.g5810.t1,550,259,108,70,32,139,610,1118,138,228,172,47,214,535,251,129,573,235,212,19,51,315,372,994,286,221,668,106,302,31,637,387
gene-Pocillopora_meandrina_HIv1___RNAseq.g1753.t1,36054,19852,71101,29790,5433,10639,1423,139524,26945,2444,28068,41245,43552,40079,6212,8393,61083,4910,3326,1434,1942,5458,36222,91905,65107,14021,97745,5249,22914,4417,125368,11397
gene-Pocillopora_meandrina_HIv1___RNAseq.g1911.t1,2081,1227,1396,848,364,1868,2713,1931,1938,2613,1095,701,1157,1027,2159,3207,1411,2511,3431,3250,103,2806,1324,1336,1278,1705,1549,2431,1556,1509,1284,4108
gene-Pocillopora_meandrina_HIv1___RNAseq.g1962.t1,39,148,62,64,10,22,248,242,29,85,42,49,88,100,33,35,128,52,77,23,0,41,61,120,72,55,180,58,41,23,66,90
gene-Pocillopora_meandrina_HIv1___RNAseq.g2119.t1,1062,1184,2356,924,578,1087,2513,2444,1195,2965,1522,1070,880,1310,732,1173,1027,1358,1126,1021,212,1020,1924,1958,1050,1334,1304,1969,1269,597,1609,951
gene-Pocillopora_meandrina_HIv1___RNAseq.g2165.t1,3470,12497,8813,9288,2790,2353,4391,6868,2169,2649,6360,4302,8468,5681,3212,3427,2392,1905,3878,1614,915,4703,5579,4350,5750,4845,3934,3021,2468,3426,4996,1305
gene-Pocillopora_meandrina_HIv1___RNAseq.g2535.t1,530,505,650,323,205,394,890,1248,454,562,336,330,530,471,320,307,411,351,625,172,113,438,585,737,397,355,772,614,468,290,605,670
gene-Pocillopora_meandrina_HIv1___RNAseq.14602_t,119,158,157,41,87,235,305,267,450,30,36,67,205,196,23,31,15,13,26,20,118,387,213,281,143,180,232,296,336,351,249,599
gene-Pocillopora_meandrina_HIv1___RNAseq.g8626.t1,281,395,263,212,21,47,63,478,109,29,151,82,161,389,44,31,154,29,52,2,0,76,153,338,261,178,369,84,149,79,328,115
gene-Pocillopora_meandrina_HIv1___RNAseq.g8663.t1,8310,3290,6166,2796,1100,4386,3495,23268,5659,3696,3974,5586,3127,4622,3818,5719,9924,5452,7330,1652,476,5039,6815,8576,6315,4358,17855,5610,5164,2148,18507,7393
gene-Pocillopora_meandrina_HIv1___RNAseq.g8829.t1,234,507,653,111,108,64,150,917,96,51,131,157,319,600,46,33,273,14,6,0,24,30,313,1075,287,86,403,14,223,40,752,40
gene-Pocillopora_meandrina_HIv1___RNAseq.g9085.t1,476,492,332,327,82,173,944,505,238,1015,281,150,430,435,582,572,427,921,723,69,58,465,371,417,363,339,514,448,406,242,497,606
gene-Pocillopora_meandrina_HIv1___RNAseq.g9518.t1,74,365,231,168,25,50,252,398,62,166,125,80,228,480,134,96,100,56,222,50,10,107,111,200,126,114,245,177,111,160,286,80
gene-Pocillopora_meandrina_HIv1___RNAseq.g9729.t1,944,887,1197,433,180,539,1355,1723,445,638,483,612,564,1127,207,385,777,329,511,672,81,826,857,1319,600,487,1122,658,800,212,924,321
gene-Pocillopora_meandrina_HIv1___RNAseq.g9829.t1,0,17,161,166,48,46,0,6,2,3,27,0,7,4,62,8,31,0,16,0,0,98,201,30,69,234,109,206,12,58,10,7
gene-Pocillopora_meandrina_HIv1___RNAseq.g9828.t1,156,106,699,417,262,221,129,69,57,175,194,50,98,30,705,191,217,55,313,143,38,887,879,209,453,867,250,451,100,326,89,146
gene-Pocillopora_meandrina_HIv1___RNAseq.g3496.t2,721,693,956,640,276,588,656,1127,278,334,434,485,460,728,171,417,641,240,438,259,61,661,791,882,525,490,1307,502,647,241,1008,837
gene-Pocillopora_meandrina_HIv1___RNAseq.g3556.t1,2380,890,1296,622,315,1012,442,2768,743,273,769,1079,667,1142,460,696,1765,414,610,319,154,979,993,1553,1032,618,1992,1058,973,388,2304,1764
gene-Pocillopora_meandrina_HIv1___RNAseq.g25879.t1,48,148,129,65,15,41,152,142,16,139,63,45,86,114,22,30,40,57,104,22,0,43,87,95,69,34,97,30,48,58,112,62
gene-Pocillopora_meandrina_HIv1___RNAseq.g26521.t1,112,243,209,110,48,120,329,344,113,231,103,146,120,234,105,122,92,188,144,82,9,142,178,246,185,182,259,197,163,39,130,277
gene-Pocillopora_meandrina_HIv1___RNAseq.g26671.t1,655,938,1057,772,280,539,673,775,461,477,741,694,509,993,284,441,569,367,518,381,62,627,743,603,543,469,772,510,737,335,577,548
gene-Pocillopora_meandrina_HIv1___RNAseq.g4172.t1,435,189,123,121,30,144,349,502,165,372,152,57,125,179,260,344,241,414,632,57,41,359,135,328,187,293,299,221,265,88,320,478
gene-Pocillopora_meandrina_HIv1___TS.g21598.t2,36,74,52,15,24,58,119,72,12,55,21,18,28,81,8,7,19,21,23,9,0,23,55,26,22,22,32,37,32,10,31,55
gene-Pocillopora_meandrina_HIv1___RNAseq.g4243.t1,542,1987,2216,1163,367,862,1198,3116,995,633,1304,496,729,1626,492,1191,1070,1045,1212,406,82,1119,1470,2367,1138,1127,1470,1035,900,233,1325,1101
gene-Pocillopora_meandrina_HIv1___RNAseq.g4478.t1b,2695,1462,1321,918,124,694,1869,4227,918,927,877,608,1346,1672,749,760,1990,783,846,176,98,994,1203,4056,1496,1100,4265,959,1710,254,3176,2635
gene-Pocillopora_meandrina_HIv1___RNAseq.g4839.t1,98,299,149,111,30,68,506,446,55,266,108,81,190,343,75,58,122,145,132,23,0,103,133,301,148,102,222,41,119,38,155,145
gene-Pocillopora_meandrina_HIv1___RNAseq.g11450.t1,49,91,106,38,0,26,137,104,54,105,32,13,102,105,60,66,75,100,124,60,0,95,27,64,88,65,49,128,75,42,68,149
gene-Pocillopora_meandrina_HIv1___RNAseq.g11769.t1,45,169,155,57,4,29,179,202,23,126,63,57,146,135,40,42,56,33,55,31,0,58,36,120,87,58,52,40,102,41,154,97
gene-Pocillopora_meandrina_HIv1___RNAseq.g28888.t3,376,557,496,402,113,281,638,687,238,464,375,218,565,662,228,251,500,324,520,64,64,287,320,544,445,345,629,284,369,141,465,507
gene-Pocillopora_meandrina_HIv1___TS.g6556.t1,104,102,274,232,79,131,76,174,45,61,224,156,73,85,42,103,142,47,148,27,0,30,44,60,298,127,360,140,166,111,231,238
gene-Pocillopora_meandrina_HIv1___RNAseq.g29513.t1,383,210,255,113,56,81,472,448,105,261,109,52,158,208,145,244,144,253,328,43,48,381,170,398,190,169,312,170,152,55,244,248
gene-Pocillopora_meandrina_HIv1___RNAseq.g28225.t1,40,119,60,40,0,38,137,130,27,68,46,27,60,73,48,26,41,40,51,36,22,50,21,57,56,43,52,27,22,26,25,71
gene-Pocillopora_meandrina_HIv1___RNAseq.g28309.t1a,38,36,57,9,2,7,101,154,14,54,22,48,38,48,22,23,39,31,44,16,0,11,39,76,18,27,50,39,54,7,53,94
gene-Pocillopora_meandrina_HIv1___RNAseq.g17906.t1,263,298,291,137,86,124,347,516,142,163,266,196,235,230,85,58,175,68,200,45,46,136,257,253,221,155,265,169,150,94,254,249
gene-Pocillopora_meandrina_HIv1___RNAseq.g17949.t1,2695,426,6550,3442,729,2597,406,3913,5498,271,3310,11467,1458,1569,745,1966,7313,759,900,1475,159,2244,9047,10312,9309,2186,14738,1290,2633,866,15377,2734
gene-Pocillopora_meandrina_HIv1___RNAseq.g18210.t1,808,810,1039,764,88,919,743,569,1064,818,489,328,659,650,367,461,349,600,506,141,117,564,278,577,345,407,295,690,761,597,524,996
gene-Pocillopora_meandrina_HIv1___RNAseq.g18294.t1,39,148,84,77,0,36,155,78,43,106,31,31,116,109,35,34,54,85,46,40,0,48,13,36,73,21,81,33,107,93,102,69
gene-Pocillopora_meandrina_HIv1___RNAseq.g10817.t1,27,98,63,74,10,18,41,129,10,13,37,5,60,77,21,116,10,17,46,8,0,142,35,121,60,38,53,13,36,21,40,16
gene-Pocillopora_meandrina_HIv1___RNAseq.g2952.t1,620,594,638,376,224,383,641,800,326,313,366,369,301,643,239,365,449,308,572,265,89,610,606,713,292,285,466,536,520,148,481,506
gene-Pocillopora_meandrina_HIv1___RNAseq.g3061.t1,55,19,35,31,0,56,44,63,16,0,47,26,4,14,0,17,34,13,10,0,0,23,47,83,39,12,37,27,25,26,58,41
gene-Pocillopora_meandrina_HIv1___RNAseq.g3177.t1,128,118,29,33,4,18,136,143,52,46,43,25,68,112,28,14,64,21,35,25,0,47,43,93,63,51,128,17,25,11,56,80
gene-Pocillopora_meandrina_HIv1___TS.g4011.t1,72,102,109,93,9,68,132,104,9,72,24,56,119,169,19,10,72,40,92,16,0,83,126,91,104,57,110,47,64,48,90,88
gene-Pocillopora_meandrina_HIv1___RNAseq.g16708.t1,241,264,239,139,0,89,296,590,102,107,97,124,184,287,82,47,134,75,118,23,0,92,122,185,331,248,455,77,149,53,363,205
gene-Pocillopora_meandrina_HIv1___RNAseq.g16865.t1,18,38,42,28,1,4,20,68,5,7,14,10,53,53,0,2,30,7,0,0,0,12,16,31,18,5,39,16,9,9,33,19
gene-Pocillopora_meandrina_HIv1___RNAseq.g11866.t1,245,259,192,173,52,114,655,311,89,690,209,90,216,438,281,314,222,420,504,19,46,320,224,325,310,221,351,177,197,49,301,423
gene-Pocillopora_meandrina_HIv1___RNAseq.g11931.t1,28,252,131,83,5,42,114,315,16,58,42,70,151,158,9,11,54,15,28,27,0,42,65,113,66,18,121,31,39,26,90,104
gene-Pocillopora_meandrina_HIv1___RNAseq.g12093.t1,114,163,183,76,0,129,141,188,73,173,139,144,53,141,69,57,96,80,103,143,15,110,159,121,87,53,192,107,58,28,141,169
gene-Pocillopora_meandrina_HIv1___RNAseq.g14003.t1,55,101,96,38,8,43,99,264,68,49,66,65,80,154,13,26,47,17,23,7,5,31,80,134,47,19,133,19,34,7,84,36
gene-Pocillopora_meandrina_HIv1___RNAseq.g14123.t1,111,191,168,139,40,89,266,204,53,168,88,70,167,216,119,84,111,139,163,84,0,110,123,263,111,85,104,91,149,101,196,185
gene-Pocillopora_meandrina_HIv1___RNAseq.g1086.t1,2363,2490,3409,1147,321,2948,736,3006,1078,837,2358,2819,567,1288,783,1122,2287,971,759,475,161,1456,1296,6726,1240,649,2401,1301,2812,1485,5459,3400
gene-Pocillopora_meandrina_HIv1___RNAseq.g1181.t1,290,420,494,275,27,185,221,554,258,116,218,184,303,358,56,104,226,82,140,29,15,104,247,406,271,219,409,145,189,132,461,211
gene-Pocillopora_meandrina_HIv1___RNAseq.g10507.t1,0,36,61,24,0,0,73,161,9,16,11,42,44,36,44,19,2,0,18,6,0,10,7,23,0,0,18,0,11,0,11,0
gene-Pocillopora_meandrina_HIv1___RNAseq.g25521.t1,177,180,165,158,15,57,181,410,41,83,130,52,151,314,80,65,241,62,168,16,8,73,106,336,261,109,399,28,251,29,428,59
gene-Pocillopora_meandrina_HIv1___RNAseq.g30068.t1,168,86,137,114,57,171,334,152,125,296,134,99,133,137,129,121,186,328,225,341,0,141,85,137,146,146,158,273,262,132,96,186
gene-Pocillopora_meandrina_HIv1___RNAseq.g30117.t1,9,34,83,39,14,61,40,61,17,27,20,65,39,66,9,20,6,22,36,57,12,14,8,47,26,0,44,50,21,13,14,66
gene-Pocillopora_meandrina_HIv1___RNAseq.g30170.t1,5402,3769,4341,2715,771,2786,4637,14675,4140,2863,3414,2559,2876,4850,2224,2962,5941,3674,3105,2735,197,3687,5568,8720,3650,2553,6762,4059,4531,1258,7660,5461
gene-Pocillopora_meandrina_HIv1___RNAseq.g689.t1,109,75,124,44,0,9,56,136,68,18,74,0,113,101,17,17,72,24,41,14,0,18,80,132,101,72,125,15,73,31,135,71
gene-Pocillopora_meandrina_HIv1___RNAseq.g29777.t1,32,41,17,3,0,9,12,12,2,14,35,9,10,13,15,9,14,3,39,6,0,30,10,10,54,57,55,36,22,22,9,29
gene-Pocillopora_meandrina_HIv1___RNAseq.g29832.t1,3167,3773,3970,3116,952,2105,2241,8183,2704,1847,3409,2231,2581,4006,2338,2415,3062,1872,2087,748,503,2408,4192,4292,3266,2915,3978,2070,3735,1665,4713,2463
gene-Pocillopora_meandrina_HIv1___TS.g30034.t1,3,88,89,70,21,6,29,115,29,23,50,21,54,72,19,25,0,29,19,23,0,31,78,105,44,39,55,28,18,8,49,47
gene-Pocillopora_meandrina_HIv1___RNAseq.g7366.t1,0,4,6,0,0,12,19,0,0,14,12,0,0,9,0,8,8,4,17,30,0,19,0,3,16,17,12,16,0,7,0,10
gene-Pocillopora_meandrina_HIv1___RNAseq.g15311.t1,0,0,0,0,0,6,0,10,11,0,0,0,11,6,9,0,20,0,0,0,0,0,0,5,0,0,0,0,0,0,0,0
gene-Pocillopora_meandrina_HIv1___RNAseq.g9919.t1,0,0,23,10,19,106,3,11,3,7,4,26,2,6,5,1,3,2,0,0,5,40,29,72,33,8,17,22,18,28,31,39
